-- SQL export generated by db:export-sql
-- Generated at: 2026-02-15 17:04:44
PRAGMA foreign_keys=OFF;
BEGIN TRANSACTION;

-- Table: cache
CREATE TABLE "cache" ("key" varchar not null, "value" text not null, "expiration" integer not null, primary key ("key"));

-- Table: cache_locks
CREATE TABLE "cache_locks" ("key" varchar not null, "owner" varchar not null, "expiration" integer not null, primary key ("key"));

-- Table: employee_logs
CREATE TABLE "employee_logs" ("id" integer primary key autoincrement not null, "employee_id" integer, "user_id" integer, "action" varchar not null, "http_method" varchar, "endpoint" varchar, "meta" text, "created_at" datetime, "updated_at" datetime, foreign key("employee_id") references "employees"("id") on delete set null, foreign key("user_id") references "users"("id") on delete set null);
INSERT INTO "employee_logs" VALUES (1, NULL, 2, 'employees.index', 'GET', 'api/employees', '{"count":3}', '2026-02-13 07:52:48', '2026-02-13 07:52:48');
INSERT INTO "employee_logs" VALUES (2, 4, 2, 'employees.update', 'PUT', 'api/employees/4', '{"salary_changed":false}', '2026-02-13 07:59:05', '2026-02-13 07:59:05');
INSERT INTO "employee_logs" VALUES (3, 4, 2, 'employees.update', 'PUT', 'api/employees/4', '{"salary_changed":false}', '2026-02-13 07:59:37', '2026-02-13 07:59:37');
INSERT INTO "employee_logs" VALUES (4, 4, 2, 'employees.update', 'PUT', 'api/employees/4', '{"salary_changed":false}', '2026-02-13 08:03:12', '2026-02-13 08:03:12');
INSERT INTO "employee_logs" VALUES (5, 55, 2, 'employees.store', 'POST', 'api/employees', '{"is_founder":true,"manager_id":null}', '2026-02-13 13:36:17', '2026-02-13 13:36:17');
INSERT INTO "employee_logs" VALUES (6, 56, 2, 'employees.store', 'POST', 'api/employees', '{"is_founder":false,"manager_id":2}', '2026-02-13 13:40:44', '2026-02-13 13:40:44');
INSERT INTO "employee_logs" VALUES (7, NULL, 2, 'employees.index', 'GET', 'api/employees', '{"count":53}', '2026-02-13 13:42:12', '2026-02-13 13:42:12');
INSERT INTO "employee_logs" VALUES (8, NULL, 2, 'employees.destroy', 'DELETE', 'api/employees/2', '{"reassign_manager_id":"4","subordinates_reassigned":7}', '2026-02-13 13:44:07', '2026-02-13 13:44:07');
INSERT INTO "employee_logs" VALUES (9, 4, 2, 'employees.hierarchy.names', 'GET', 'api/employees/4/hierarchy/names', '{"levels":1}', '2026-02-13 13:53:03', '2026-02-13 13:53:03');
INSERT INTO "employee_logs" VALUES (10, 28, 2, 'employees.hierarchy.names', 'GET', 'api/employees/28/hierarchy/names', '{"levels":5}', '2026-02-13 13:53:31', '2026-02-13 13:53:31');
INSERT INTO "employee_logs" VALUES (11, 28, 2, 'employees.hierarchy.names_salaries', 'GET', 'api/employees/28/hierarchy/names-salaries', '{"levels":5}', '2026-02-13 13:55:09', '2026-02-13 13:55:09');
INSERT INTO "employee_logs" VALUES (12, NULL, 2, 'employees.search', 'GET', 'api/employees-search', '{"name":null,"salary":null,"count":52}', '2026-02-13 13:55:24', '2026-02-13 13:55:24');
INSERT INTO "employee_logs" VALUES (13, NULL, 2, 'employees.search', 'GET', 'api/employees-search', '{"name":"Oswald","salary":null,"count":1}', '2026-02-13 13:55:41', '2026-02-13 13:55:41');
INSERT INTO "employee_logs" VALUES (14, NULL, 2, 'employees.search', 'GET', 'api/employees-search', '{"name":null,"salary":5895,"count":0}', '2026-02-13 13:57:59', '2026-02-13 13:57:59');
INSERT INTO "employee_logs" VALUES (15, NULL, 2, 'employees.search', 'GET', 'api/employees-search', '{"name":null,"salary":5895,"count":0}', '2026-02-13 13:58:09', '2026-02-13 13:58:09');
INSERT INTO "employee_logs" VALUES (16, NULL, 2, 'employees.search', 'GET', 'api/employees-search', '{"name":null,"salary":6737,"count":1}', '2026-02-13 13:59:00', '2026-02-13 13:59:00');
INSERT INTO "employee_logs" VALUES (17, NULL, 2, 'employees.export.csv', 'GET', 'api/employees-export/csv', '{"filename":"employees_20260213_135927.csv"}', '2026-02-13 13:59:27', '2026-02-13 13:59:27');
INSERT INTO "employee_logs" VALUES (18, NULL, 2, 'employees.import.csv', 'POST', 'api/employees-import/csv', '{"created":0,"updated":51,"skipped_count":2}', '2026-02-13 14:01:07', '2026-02-13 14:01:07');
INSERT INTO "employee_logs" VALUES (19, 4, 2, 'employees.update', 'PUT', 'api/employees/4', '{"salary_changed":false}', '2026-02-13 14:02:06', '2026-02-13 14:02:06');
INSERT INTO "employee_logs" VALUES (20, 4, 2, 'employees.update', 'PUT', 'api/employees/4', '{"salary_changed":true}', '2026-02-13 14:05:28', '2026-02-13 14:05:28');
INSERT INTO "employee_logs" VALUES (21, 4, 2, 'employees.update', 'PUT', 'api/employees/4', '{"salary_changed":true}', '2026-02-13 14:05:58', '2026-02-13 14:05:58');
INSERT INTO "employee_logs" VALUES (22, NULL, 2, 'employees.salary.no_recent_change', 'GET', 'api/employees-no-recent-salary-change', '{"months":1,"count":0}', '2026-02-13 14:06:44', '2026-02-13 14:06:44');
INSERT INTO "employee_logs" VALUES (23, 4, 2, 'employees.update', 'PUT', 'api/employees/4', '{"salary_changed":true}', '2026-02-13 14:16:26', '2026-02-13 14:16:26');
INSERT INTO "employee_logs" VALUES (24, 4, 2, 'employees.hierarchy.names', 'GET', 'api/employees/4/hierarchy/names', '{"levels":1}', '2026-02-14 14:36:06', '2026-02-14 14:36:06');
INSERT INTO "employee_logs" VALUES (25, 4, 2, 'employees.hierarchy.names', 'GET', 'api/employees/4/hierarchy/names', '{"levels":1}', '2026-02-14 14:36:11', '2026-02-14 14:36:11');
INSERT INTO "employee_logs" VALUES (26, 4, 2, 'employees.hierarchy.names', 'GET', 'api/employees/4/hierarchy/names', '{"levels":1}', '2026-02-14 14:36:15', '2026-02-14 14:36:15');
INSERT INTO "employee_logs" VALUES (27, 4, 2, 'employees.hierarchy.names', 'GET', 'api/employees/4/hierarchy/names', '{"levels":1}', '2026-02-14 14:36:17', '2026-02-14 14:36:17');
INSERT INTO "employee_logs" VALUES (28, 4, 2, 'employees.hierarchy.names', 'GET', 'api/employees/4/hierarchy/names', '{"levels":1}', '2026-02-14 14:36:18', '2026-02-14 14:36:18');
INSERT INTO "employee_logs" VALUES (29, 4, 2, 'employees.hierarchy.names', 'GET', 'api/employees/4/hierarchy/names', '{"levels":1}', '2026-02-14 14:36:20', '2026-02-14 14:36:20');
INSERT INTO "employee_logs" VALUES (30, 4, 2, 'employees.hierarchy.names', 'GET', 'api/employees/4/hierarchy/names', '{"levels":1}', '2026-02-14 14:36:21', '2026-02-14 14:36:21');
INSERT INTO "employee_logs" VALUES (31, 4, 2, 'employees.hierarchy.names', 'GET', 'api/employees/4/hierarchy/names', '{"levels":1}', '2026-02-14 14:36:22', '2026-02-14 14:36:22');
INSERT INTO "employee_logs" VALUES (32, 4, 2, 'employees.hierarchy.names', 'GET', 'api/employees/4/hierarchy/names', '{"levels":1}', '2026-02-14 14:36:23', '2026-02-14 14:36:23');
INSERT INTO "employee_logs" VALUES (33, 4, 2, 'employees.hierarchy.names', 'GET', 'api/employees/4/hierarchy/names', '{"levels":1}', '2026-02-14 14:36:24', '2026-02-14 14:36:24');
INSERT INTO "employee_logs" VALUES (34, 4, 2, 'employees.hierarchy.names', 'GET', 'api/employees/4/hierarchy/names', '{"levels":1}', '2026-02-14 14:38:26', '2026-02-14 14:38:26');
INSERT INTO "employee_logs" VALUES (35, 4, 2, 'employees.hierarchy.names', 'GET', 'api/employees/4/hierarchy/names', '{"levels":1}', '2026-02-14 14:38:28', '2026-02-14 14:38:28');
INSERT INTO "employee_logs" VALUES (36, 4, 2, 'employees.hierarchy.names', 'GET', 'api/employees/4/hierarchy/names', '{"levels":1}', '2026-02-14 14:38:30', '2026-02-14 14:38:30');
INSERT INTO "employee_logs" VALUES (37, 4, 2, 'employees.hierarchy.names', 'GET', 'api/employees/4/hierarchy/names', '{"levels":1}', '2026-02-14 14:38:31', '2026-02-14 14:38:31');
INSERT INTO "employee_logs" VALUES (38, 4, 2, 'employees.hierarchy.names', 'GET', 'api/employees/4/hierarchy/names', '{"levels":1}', '2026-02-14 14:38:33', '2026-02-14 14:38:33');
INSERT INTO "employee_logs" VALUES (39, 4, 2, 'employees.hierarchy.names', 'GET', 'api/employees/4/hierarchy/names', '{"levels":1}', '2026-02-14 14:38:34', '2026-02-14 14:38:34');
INSERT INTO "employee_logs" VALUES (40, 4, 2, 'employees.hierarchy.names', 'GET', 'api/employees/4/hierarchy/names', '{"levels":1}', '2026-02-14 14:38:35', '2026-02-14 14:38:35');
INSERT INTO "employee_logs" VALUES (41, 4, 2, 'employees.hierarchy.names', 'GET', 'api/employees/4/hierarchy/names', '{"levels":1}', '2026-02-14 14:38:36', '2026-02-14 14:38:36');
INSERT INTO "employee_logs" VALUES (42, 4, 2, 'employees.hierarchy.names', 'GET', 'api/employees/4/hierarchy/names', '{"levels":1}', '2026-02-14 14:38:37', '2026-02-14 14:38:37');
INSERT INTO "employee_logs" VALUES (43, 4, 2, 'employees.hierarchy.names', 'GET', 'api/employees/4/hierarchy/names', '{"levels":1}', '2026-02-14 14:38:38', '2026-02-14 14:38:38');
INSERT INTO "employee_logs" VALUES (44, 57, 2, 'employees.store', 'POST', 'api/v1/employees', '{"is_founder":false,"manager_id":5}', '2026-02-15 16:54:36', '2026-02-15 16:54:36');
INSERT INTO "employee_logs" VALUES (45, NULL, 2, 'employees.index', 'GET', 'api/v1/employees', '{"count":53}', '2026-02-15 16:54:58', '2026-02-15 16:54:58');
INSERT INTO "employee_logs" VALUES (46, 4, 2, 'employees.hierarchy.names', 'GET', 'api/v1/employees/4/hierarchy/names', '{"levels":1}', '2026-02-15 16:55:14', '2026-02-15 16:55:14');
INSERT INTO "employee_logs" VALUES (47, 5, 2, 'employees.hierarchy.names', 'GET', 'api/v1/employees/5/hierarchy/names', '{"levels":2}', '2026-02-15 16:55:33', '2026-02-15 16:55:33');
INSERT INTO "employee_logs" VALUES (48, 5, 2, 'employees.hierarchy.names_salaries', 'GET', 'api/v1/employees/5/hierarchy/names-salaries', '{"levels":2}', '2026-02-15 16:55:54', '2026-02-15 16:55:54');
INSERT INTO "employee_logs" VALUES (49, NULL, 2, 'employees.search', 'GET', 'api/v1/employees-search', '{"name":"Oswald","salary":null,"count":1}', '2026-02-15 16:56:10', '2026-02-15 16:56:10');

-- Table: employees
CREATE TABLE "employees" ("id" integer primary key autoincrement not null, "name" varchar not null, "email" varchar not null, "is_founder" tinyint(1) not null default '0', "manager_id" integer, "founder_key" integer, "created_at" datetime, "updated_at" datetime, "salary" numeric not null default '0', "salary_changed_at" datetime, foreign key("manager_id") references "employees"("id") on delete restrict);
INSERT INTO "employees" VALUES (4, 'Oswald Little', 'oswald@hr.com', 0, 2, NULL, '2026-02-13 06:39:05', '2026-02-13 14:16:26', 13000, '2026-02-13 14:16:26');
INSERT INTO "employees" VALUES (5, 'Prof. Damaris McKenzie', 'employee_698edb4c26fcb@example.com', 0, 4, NULL, '2026-02-13 08:05:32', '2026-02-13 14:01:07', 6954, '2026-02-13 14:01:07');
INSERT INTO "employees" VALUES (6, 'Prince Rogahn', 'employee_698edb4c2adb7@example.com', 0, 5, NULL, '2026-02-13 08:05:32', '2026-02-13 14:01:07', 8891, '2026-02-13 14:01:07');
INSERT INTO "employees" VALUES (7, 'Blake Konopelski', 'employee_698edb4c2af92@example.com', 0, 4, NULL, '2026-02-13 08:05:32', '2026-02-13 14:01:07', 8078, '2026-02-13 14:01:07');
INSERT INTO "employees" VALUES (8, 'Ms. Maya Schultz', 'employee_698edb4c2b139@example.com', 0, 5, NULL, '2026-02-13 08:05:32', '2026-02-13 14:01:07', 8110, '2026-02-13 14:01:07');
INSERT INTO "employees" VALUES (9, 'Bradford Labadie', 'employee_698edb4c2b2d6@example.com', 0, 7, NULL, '2026-02-13 08:05:32', '2026-02-13 14:01:07', 4123, '2026-02-13 14:01:07');
INSERT INTO "employees" VALUES (10, 'Jewell Walter', 'employee_698edb4c2b466@example.com', 0, 4, NULL, '2026-02-13 08:05:32', '2026-02-13 14:01:07', 5703, '2026-02-13 14:01:07');
INSERT INTO "employees" VALUES (11, 'Dr. Roderick Stokes DVM', 'employee_698edb4c2b5e9@example.com', 0, 9, NULL, '2026-02-13 08:05:32', '2026-02-13 14:01:07', 2816, '2026-02-13 14:01:07');
INSERT INTO "employees" VALUES (12, 'Louie Carroll', 'employee_698edb4c2b79f@example.com', 0, 5, NULL, '2026-02-13 08:05:32', '2026-02-13 14:01:07', 8547, '2026-02-13 14:01:07');
INSERT INTO "employees" VALUES (13, 'Judge Kerluke PhD', 'employee_698edb4c2b94a@example.com', 0, 5, NULL, '2026-02-13 08:05:32', '2026-02-13 14:01:07', 6737, '2026-02-13 14:01:07');
INSERT INTO "employees" VALUES (14, 'Dayna Lebsack', 'employee_698edb4c2bb6c@example.com', 0, 9, NULL, '2026-02-13 08:05:32', '2026-02-13 14:01:07', 2268, '2026-02-13 14:01:07');
INSERT INTO "employees" VALUES (15, 'Kaitlin Predovic III', 'employee_698edb4c2bd5c@example.com', 0, 10, NULL, '2026-02-13 08:05:32', '2026-02-13 14:01:07', 1216, '2026-02-13 14:01:07');
INSERT INTO "employees" VALUES (16, 'Lera Block I', 'employee_698edb4c2bfa6@example.com', 0, 10, NULL, '2026-02-13 08:05:32', '2026-02-13 14:01:07', 8215, '2026-02-13 14:01:07');
INSERT INTO "employees" VALUES (17, 'Nikko Nikolaus MD', 'employee_698edb4c2c1ef@example.com', 0, 12, NULL, '2026-02-13 08:05:32', '2026-02-13 14:01:07', 5148, '2026-02-13 14:01:07');
INSERT INTO "employees" VALUES (18, 'Shaylee Harvey', 'employee_698edb4c2c471@example.com', 0, 13, NULL, '2026-02-13 08:05:32', '2026-02-13 14:01:07', 7762, '2026-02-13 14:01:07');
INSERT INTO "employees" VALUES (19, 'Forest Muller', 'employee_698edb4c2c6e6@example.com', 0, 16, NULL, '2026-02-13 08:05:32', '2026-02-13 14:01:07', 7806, '2026-02-13 14:01:07');
INSERT INTO "employees" VALUES (20, 'Sally Fritsch', 'employee_698edb4c2c8e9@example.com', 0, 15, NULL, '2026-02-13 08:05:32', '2026-02-13 14:01:07', 2792, '2026-02-13 14:01:07');
INSERT INTO "employees" VALUES (21, 'Narciso Koss Sr.', 'employee_698edb4c2cad5@example.com', 0, 9, NULL, '2026-02-13 08:05:32', '2026-02-13 14:01:07', 1729, '2026-02-13 14:01:07');
INSERT INTO "employees" VALUES (22, 'Dr. Gladys Schumm', 'employee_698edb4c2cce8@example.com', 0, 8, NULL, '2026-02-13 08:05:32', '2026-02-13 14:01:07', 2908, '2026-02-13 14:01:07');
INSERT INTO "employees" VALUES (23, 'Rocky Kirlin', 'employee_698edb4c2ceba@example.com', 0, 12, NULL, '2026-02-13 08:05:32', '2026-02-13 14:01:07', 6918, '2026-02-13 14:01:07');
INSERT INTO "employees" VALUES (24, 'Grayson Douglas', 'employee_698edb4c2d052@example.com', 0, 15, NULL, '2026-02-13 08:05:32', '2026-02-13 14:01:07', 6774, '2026-02-13 14:01:07');
INSERT INTO "employees" VALUES (25, 'Katrine King', 'employee_698edb4c2d272@example.com', 0, 6, NULL, '2026-02-13 08:05:32', '2026-02-13 14:01:07', 1937, '2026-02-13 14:01:07');
INSERT INTO "employees" VALUES (26, 'Eva Reinger', 'employee_698edb4c2d400@example.com', 0, 24, NULL, '2026-02-13 08:05:32', '2026-02-13 14:01:07', 3587, '2026-02-13 14:01:07');
INSERT INTO "employees" VALUES (27, 'Dr. Roman West', 'employee_698edb4c2d587@example.com', 0, 5, NULL, '2026-02-13 08:05:32', '2026-02-13 14:01:07', 7077, '2026-02-13 14:01:07');
INSERT INTO "employees" VALUES (28, 'Prof. Jeanette Johnston', 'employee_698edb4c2d708@example.com', 0, 11, NULL, '2026-02-13 08:05:32', '2026-02-13 14:01:07', 4152, '2026-02-13 14:01:07');
INSERT INTO "employees" VALUES (29, 'Hilbert Dibbert DDS', 'employee_698edb4c2d885@example.com', 0, 21, NULL, '2026-02-13 08:05:32', '2026-02-13 14:01:07', 7463, '2026-02-13 14:01:07');
INSERT INTO "employees" VALUES (30, 'Rae Metz', 'employee_698edb4c2da1f@example.com', 0, 17, NULL, '2026-02-13 08:05:32', '2026-02-13 14:01:07', 8360, '2026-02-13 14:01:07');
INSERT INTO "employees" VALUES (31, 'Watson Volkman', 'employee_698edb4c2dbaf@example.com', 0, 15, NULL, '2026-02-13 08:05:32', '2026-02-13 14:01:07', 8011, '2026-02-13 14:01:07');
INSERT INTO "employees" VALUES (32, 'Maybelle Conroy', 'employee_698edb4c2dd2d@example.com', 0, 20, NULL, '2026-02-13 08:05:32', '2026-02-13 14:01:07', 3070, '2026-02-13 14:01:07');
INSERT INTO "employees" VALUES (33, 'Ms. Aaliyah Pagac', 'employee_698edb4c2deb1@example.com', 0, 31, NULL, '2026-02-13 08:05:32', '2026-02-13 14:01:07', 4086, '2026-02-13 14:01:07');
INSERT INTO "employees" VALUES (34, 'Prof. Desmond Hagenes III', 'employee_698edb4c2e03c@example.com', 0, 17, NULL, '2026-02-13 08:05:32', '2026-02-13 14:01:07', 4582, '2026-02-13 14:01:07');
INSERT INTO "employees" VALUES (35, 'Rocky Schmidt', 'employee_698edb4c2e243@example.com', 0, 20, NULL, '2026-02-13 08:05:32', '2026-02-13 14:01:07', 8312, '2026-02-13 14:01:07');
INSERT INTO "employees" VALUES (36, 'Dr. Zoila Kunde Jr.', 'employee_698edb4c2e3ef@example.com', 0, 16, NULL, '2026-02-13 08:05:32', '2026-02-13 14:01:07', 8714, '2026-02-13 14:01:07');
INSERT INTO "employees" VALUES (37, 'Dakota Barton', 'employee_698edb4c2e582@example.com', 0, 5, NULL, '2026-02-13 08:05:32', '2026-02-13 14:01:07', 6157, '2026-02-13 14:01:07');
INSERT INTO "employees" VALUES (38, 'Mr. Jaydon Olson', 'employee_698edb4c2e705@example.com', 0, 30, NULL, '2026-02-13 08:05:32', '2026-02-13 14:01:07', 7951, '2026-02-13 14:01:07');
INSERT INTO "employees" VALUES (39, 'Ena Cronin', 'employee_698edb4c2e898@example.com', 0, 6, NULL, '2026-02-13 08:05:32', '2026-02-13 14:01:07', 4034, '2026-02-13 14:01:07');
INSERT INTO "employees" VALUES (40, 'Dr. Monserrat Frami Jr.', 'employee_698edb4c2ea1d@example.com', 0, 18, NULL, '2026-02-13 08:05:32', '2026-02-13 14:01:07', 3567, '2026-02-13 14:01:07');
INSERT INTO "employees" VALUES (41, 'Prof. Mallory Hoppe III', 'employee_698edb4c2eba3@example.com', 0, 13, NULL, '2026-02-13 08:05:32', '2026-02-13 14:01:07', 6183, '2026-02-13 14:01:07');
INSERT INTO "employees" VALUES (42, 'Liza Christiansen', 'employee_698edb4c2ed2d@example.com', 0, 14, NULL, '2026-02-13 08:05:32', '2026-02-13 14:01:07', 3542, '2026-02-13 14:01:07');
INSERT INTO "employees" VALUES (43, 'Domenico Kovacek I', 'employee_698edb4c2eea9@example.com', 0, 37, NULL, '2026-02-13 08:05:32', '2026-02-13 14:01:07', 7874, '2026-02-13 14:01:07');
INSERT INTO "employees" VALUES (44, 'Dr. Braden O''Kon DVM', 'employee_698edb4c2f02f@example.com', 0, 10, NULL, '2026-02-13 08:05:32', '2026-02-13 14:01:07', 3067, '2026-02-13 14:01:07');
INSERT INTO "employees" VALUES (45, 'Dr. Bonita Huels', 'employee_698edb4c2f1ec@example.com', 0, 7, NULL, '2026-02-13 08:05:32', '2026-02-13 14:01:07', 7011, '2026-02-13 14:01:07');
INSERT INTO "employees" VALUES (46, 'Abdul Emard', 'employee_698edb4c2f3a6@example.com', 0, 45, NULL, '2026-02-13 08:05:32', '2026-02-13 14:01:07', 1908, '2026-02-13 14:01:07');
INSERT INTO "employees" VALUES (47, 'Josh Schneider', 'employee_698edb4c2f53d@example.com', 0, 19, NULL, '2026-02-13 08:05:32', '2026-02-13 14:01:07', 4177, '2026-02-13 14:01:07');
INSERT INTO "employees" VALUES (49, 'Esta Abshire I', 'employee_698edb4c2f897@example.com', 0, 15, NULL, '2026-02-13 08:05:32', '2026-02-13 14:01:07', 8071, '2026-02-13 14:01:07');
INSERT INTO "employees" VALUES (50, 'Jammie Smitham', 'employee_698edb4c2fa47@example.com', 0, 4, NULL, '2026-02-13 08:05:32', '2026-02-13 14:01:07', 4854, '2026-02-13 14:01:07');
INSERT INTO "employees" VALUES (51, 'Kevin Yundt', 'employee_698edb4c2fbe8@example.com', 0, 33, NULL, '2026-02-13 08:05:32', '2026-02-13 14:01:07', 2529, '2026-02-13 14:01:07');
INSERT INTO "employees" VALUES (52, 'Clement Hagenes', 'employee_698edb4c2fd73@example.com', 0, 23, NULL, '2026-02-13 08:05:32', '2026-02-13 14:01:07', 4540, '2026-02-13 14:01:07');
INSERT INTO "employees" VALUES (53, 'Wilfred Yundt', 'employee_698edb4c2fefb@example.com', 0, 4, NULL, '2026-02-13 08:05:32', '2026-02-13 14:01:07', 3899, '2026-02-13 14:01:07');
INSERT INTO "employees" VALUES (54, 'Jadyn Zemlak', 'employee_698edb4c30074@example.com', 0, 50, NULL, '2026-02-13 08:05:32', '2026-02-13 14:01:07', 7684, '2026-02-13 14:01:07');
INSERT INTO "employees" VALUES (55, 'Dr. ahmed Ameen', 'founder@hr.com', 1, NULL, 1, '2026-02-13 13:36:17', '2026-02-13 14:01:07', 1045, '2026-02-13 14:01:07');
INSERT INTO "employees" VALUES (56, 'Faris Little', 'Faris@hr.com', 0, 4, NULL, '2026-02-13 13:40:44', '2026-02-13 14:01:07', 9762, '2026-02-13 14:01:07');
INSERT INTO "employees" VALUES (57, 'Faris Little', 'faris@hr.com', 0, 5, NULL, '2026-02-15 16:54:36', '2026-02-15 16:54:36', 9762, '2026-02-15 16:54:36');

-- Table: failed_jobs
CREATE TABLE "failed_jobs" ("id" integer primary key autoincrement not null, "uuid" varchar not null, "connection" text not null, "queue" text not null, "payload" text not null, "exception" text not null, "failed_at" datetime not null default CURRENT_TIMESTAMP);

-- Table: job_batches
CREATE TABLE "job_batches" ("id" varchar not null, "name" varchar not null, "total_jobs" integer not null, "pending_jobs" integer not null, "failed_jobs" integer not null, "failed_job_ids" text not null, "options" text, "cancelled_at" integer, "created_at" integer not null, "finished_at" integer, primary key ("id"));

-- Table: jobs
CREATE TABLE "jobs" ("id" integer primary key autoincrement not null, "queue" varchar not null, "payload" text not null, "attempts" integer not null, "reserved_at" integer, "available_at" integer not null, "created_at" integer not null);

-- Table: migrations
CREATE TABLE "migrations" ("id" integer primary key autoincrement not null, "migration" varchar not null, "batch" integer not null);
INSERT INTO "migrations" VALUES (1, '0001_01_01_000000_create_users_table', 1);
INSERT INTO "migrations" VALUES (2, '0001_01_01_000001_create_cache_table', 1);
INSERT INTO "migrations" VALUES (3, '0001_01_01_000002_create_jobs_table', 1);
INSERT INTO "migrations" VALUES (4, '2026_02_12_150919_create_personal_access_tokens_table', 2);
INSERT INTO "migrations" VALUES (5, '2026_02_12_153230_create_employees_table', 2);
INSERT INTO "migrations" VALUES (6, '2026_02_13_000001_add_salary_to_employees_table', 3);
INSERT INTO "migrations" VALUES (7, '2026_02_13_000002_add_salary_changed_at_to_employees_table', 4);
INSERT INTO "migrations" VALUES (8, '2026_02_13_000003_create_positions_table', 5);
INSERT INTO "migrations" VALUES (9, '2026_02_13_000004_create_employee_logs_table', 6);

-- Table: password_reset_tokens
CREATE TABLE "password_reset_tokens" ("email" varchar not null, "token" varchar not null, "created_at" datetime, primary key ("email"));

-- Table: personal_access_tokens
CREATE TABLE "personal_access_tokens" ("id" integer primary key autoincrement not null, "tokenable_type" varchar not null, "tokenable_id" integer not null, "name" text not null, "token" varchar not null, "abilities" text, "last_used_at" datetime, "expires_at" datetime, "created_at" datetime, "updated_at" datetime);
INSERT INTO "personal_access_tokens" VALUES (1, 'App\Models\User', 1, 'auth_token', 'ccb9f1699090ea4746900e8f03f58bb1f4af227116079e69ccc1c5b70854b913', '["*"]', NULL, NULL, '2026-02-13 06:21:41', '2026-02-13 06:21:41');
INSERT INTO "personal_access_tokens" VALUES (3, 'App\Models\User', 2, 'auth_token', '7777ebd7565d076656aa1086f947b9fe9b24d8f65b8776b1d030f8c90d8641de', '["*"]', NULL, NULL, '2026-02-13 06:37:41', '2026-02-13 06:37:41');
INSERT INTO "personal_access_tokens" VALUES (4, 'App\Models\User', 2, 'auth_token', '1e8205757d7d80f0f279d23b7c397bb911ab0c2f72cccdaed1c6629794c0b9fc', '["*"]', '2026-02-13 07:17:33', NULL, '2026-02-13 06:38:12', '2026-02-13 07:17:33');
INSERT INTO "personal_access_tokens" VALUES (5, 'App\Models\User', 2, 'auth_token', '037735a1c09d25ffaa1e9be5144a4beed73041a58c9f844099423f65e0d9f639', '["*"]', '2026-02-13 08:03:12', NULL, '2026-02-13 07:20:53', '2026-02-13 08:03:12');
INSERT INTO "personal_access_tokens" VALUES (6, 'App\Models\User', 1, 'auth_token', 'e266701c9216c6209ba78b9af646fa92fe3ce1bb16918fbe2efbdeb0097dc0fa', '["*"]', '2026-02-13 08:13:00', NULL, '2026-02-13 08:12:59', '2026-02-13 08:13:00');
INSERT INTO "personal_access_tokens" VALUES (7, 'App\Models\User', 2, 'auth_token', 'd35f5c28e20750458ee59fac5c73934a7f24ff091b55c7bd30bd8ca7bcab14f4', '["*"]', '2026-02-13 13:09:41', NULL, '2026-02-13 12:52:43', '2026-02-13 13:09:41');
INSERT INTO "personal_access_tokens" VALUES (9, 'App\Models\User', 1, 'auth_token', '5cb40d50734aeccff02bc1a1229c27ef168bc19158bfe681cf59709d8bcb7e89', '["*"]', '2026-02-13 13:44:20', NULL, '2026-02-13 13:35:18', '2026-02-13 13:44:20');
INSERT INTO "personal_access_tokens" VALUES (10, 'App\Models\User', 2, 'auth_token', '28a6f5c5490361fc1a6bd9fa4a9cd0b02ee46947d37341f29e60e48c98268164', '["*"]', '2026-02-13 14:16:26', NULL, '2026-02-13 13:35:41', '2026-02-13 14:16:26');
INSERT INTO "personal_access_tokens" VALUES (11, 'App\Models\User', 2, 'auth_token', 'fa0b96e77b5c58a4486e3172923d601fd5a8854f584f1517c8316ba63682eed5', '["*"]', '2026-02-14 14:38:43', NULL, '2026-02-14 14:35:17', '2026-02-14 14:38:43');
INSERT INTO "personal_access_tokens" VALUES (12, 'App\Models\User', 2, 'auth_token', 'e2cf78356b9317aedbea7a89f81b036df3976295df456bb76b44d68bfe3dfa11', '["*"]', '2026-02-15 16:56:10', NULL, '2026-02-15 16:53:12', '2026-02-15 16:56:10');

-- Table: positions
CREATE TABLE "positions" ("id" integer primary key autoincrement not null, "name" varchar not null, "description" text, "created_at" datetime, "updated_at" datetime);
INSERT INTO "positions" VALUES (1, 'HR Manager', 'Handles HR operations', '2026-02-13 07:45:32', '2026-02-13 14:09:06');
INSERT INTO "positions" VALUES (2, 'IT engineer support', 'Handles technical problems', '2026-02-13 14:07:46', '2026-02-13 14:07:46');

-- Table: sessions
CREATE TABLE "sessions" ("id" varchar not null, "user_id" integer, "ip_address" varchar, "user_agent" text, "payload" text not null, "last_activity" integer not null, primary key ("id"));
INSERT INTO "sessions" VALUES ('LgFOAtr6dbI4PoiapjKbpMqXgKxb1KqoSJ6x8xGT', NULL, '127.0.0.1', 'Mozilla/5.0 (Macintosh; Intel Mac OS X 10_15_7) AppleWebKit/537.36 (KHTML, like Gecko) Chrome/144.0.0.0 Safari/537.36', 'YTozOntzOjY6Il90b2tlbiI7czo0MDoiRE9RY2kxaWpYWkVMWThFY25KZmR2REpEOWJsSzJpWjFRcHNJbWpqaSI7czo5OiJfcHJldmlvdXMiO2E6Mjp7czozOiJ1cmwiO3M6MjE6Imh0dHA6Ly8xMjcuMC4wLjE6ODAwMCI7czo1OiJyb3V0ZSI7Tjt9czo2OiJfZmxhc2giO2E6Mjp7czozOiJvbGQiO2E6MDp7fXM6MzoibmV3IjthOjA6e319fQ==', 1770970379);

-- Table: users
CREATE TABLE "users" ("id" integer primary key autoincrement not null, "name" varchar not null, "email" varchar not null, "email_verified_at" datetime, "password" varchar not null, "remember_token" varchar, "created_at" datetime, "updated_at" datetime);
INSERT INTO "users" VALUES (1, 'Test User', 'farisyaseen6@gmail.com', NULL, '$2y$12$n1.PMC8oIfv0gtrACiAFeeCT6OE7Xqnyhxts8a4L92axdBeKYmoLy', NULL, '2026-02-13 06:21:41', '2026-02-13 06:21:41');
INSERT INTO "users" VALUES (2, 'Test User', 'testuser@example.com', NULL, '$2y$12$v57NIV81qXf.hS1qRlWyq.bUku32QBM3jvQGezVSuawx/FpiOOsyS', NULL, '2026-02-13 06:37:41', '2026-02-13 06:37:41');

COMMIT;
